.,date
124.072266,2012-12-31
127.252228,2013-01-02
126.964752,2013-01-03
127.522301,2013-01-04
127.173859,2013-01-07
126.807945,2013-01-08
127.13028,2013-01-09
128.140869,2013-01-10
128.132248,2013-01-11
128.045059,2013-01-14
128.132248,2013-01-15
128.114792,2013-01-16
128.942459,2013-01-17
129.22998,2013-01-18
129.926956,2013-01-22
130.136047,2013-01-23
130.170883,2013-01-24
130.902725,2013-01-25
130.745941,2013-01-28
131.259888,2013-01-29
130.745941,2013-01-30
130.423569,2013-01-31
131.765259,2013-02-01
130.284149,2013-02-04
131.59967,2013-02-05
131.695557,2013-02-06
131.521286,2013-02-07
132.253159,2013-02-08
132.226974,2013-02-11
132.444794,2013-02-12
132.558014,2013-02-13
132.680054,2013-02-14
132.523193,2013-02-15
133.516388,2013-02-19
131.852371,2013-02-20
131.050812,2013-02-21
132.331558,2013-02-22
129.813705,2013-02-25
130.702377,2013-02-26
132.348938,2013-02-27
132.087631,2013-02-28
132.523193,2013-03-01
133.228943,2013-03-04
134.422455,2013-03-05
134.605484,2013-03-06
134.849411,2013-03-07
135.424454,2013-03-08
135.938461,2013-03-11
135.63353,2013-03-12
135.82515,2013-03-13
136.548279,2013-03-14
136.367981,2013-03-15
135.615433,2013-03-18
135.3004,2013-03-19
136.245483,2013-03-20
135.081589,2013-03-21
136.166733,2013-03-22
135.597885,2013-03-25
136.683014,2013-03-26
136.683014,2013-03-27
137.103134,2013-03-28
136.560562,2013-04-01
137.234421,2013-04-02
135.843018,2013-04-03
136.394302,2013-04-04
135.781738,2013-04-05
136.700577,2013-04-08
137.173157,2013-04-09
138.853302,2013-04-10
139.308365,2013-04-11
138.967102,2013-04-12
135.746689,2013-04-15
137.750748,2013-04-16
135.737946,2013-04-17
134.889114,2013-04-18
136.061707,2013-04-19
136.665604,2013-04-22
138.074463,2013-04-23
138.162018,2013-04-24
138.722061,2013-04-25
138.477066,2013-04-26
139.404602,2013-04-29
139.737167,2013-04-30
138.512039,2013-05-01
139.798462,2013-05-02
141.21611,2013-05-03
141.574921,2013-05-06
142.292526,2013-05-07
142.940109,2013-05-08
142.537567,2013-05-09
143.001328,2013-05-10
143.115082,2013-05-13
144.594055,2013-05-14
145.372849,2013-05-15
144.690323,2013-05-16
146.090485,2013-05-17
146.081726,2013-05-20
146.291763,2013-05-21
145.206635,2013-05-22
144.786575,2013-05-23
144.664047,2013-05-24
145.53038,2013-05-28
144.585281,2013-05-29
145.119125,2013-05-30
143.036346,2013-05-31
143.823929,2013-06-03
143.132614,2013-06-04
141.128586,2013-06-05
142.406281,2013-06-06
144.217728,2013-06-07
144.217728,2013-06-10
142.730057,2013-06-11
141.548676,2013-06-12
143.701462,2013-06-13
142.800049,2013-06-14
143.902725,2013-06-17
145.040359,2013-06-18
143.036346,2013-06-19
139.492172,2013-06-20
139.939941,2013-06-21
138.171661,2013-06-24
139.500076,2013-06-25
140.881256,2013-06-26
141.708206,2013-06-27
141.127563,2013-06-28
141.95459,2013-07-01
141.822647,2013-07-02
141.884186,2013-07-03
143.414932,2013-07-05
144.233093,2013-07-08
145.271194,2013-07-09
145.323959,2013-07-10
147.303391,2013-07-11
147.364944,2013-07-12
147.927994,2013-07-15
147.373718,2013-07-16
147.752029,2013-07-17
148.56134,2013-07-18
148.825302,2013-07-19
149.115616,2013-07-22
148.79895,2013-07-23
148.25351,2013-07-24
148.614166,2013-07-25
148.772552,2013-07-26
148.315018,2013-07-29
148.315018,2013-07-30
148.420654,2013-07-31
150.136124,2013-08-01
150.391251,2013-08-02
150.17131,2013-08-05
149.317963,2013-08-06
148.834106,2013-08-07
149.379547,2013-08-08
148.948502,2013-08-09
148.772552,2013-08-12
149.212402,2013-08-13
148.447037,2013-08-14
146.37085,2013-08-15
145.886993,2013-08-16
144.954483,2013-08-19
145.667068,2013-08-20
144.769699,2013-08-21
146.089325,2013-08-22
146.58194,2013-08-23
146.036545,2013-08-26
143.687653,2013-08-27
144.197876,2013-08-28
144.426636,2013-08-29
143.969101,2013-08-30
144.620193,2013-09-03
145.816589,2013-09-04
146.001343,2013-09-05
146.071716,2013-09-06
147.470535,2013-09-09
148.56134,2013-09-10
149.027679,2013-09-11
148.631775,2013-09-12
148.966049,2013-09-13
149.828201,2013-09-16
150.496841,2013-09-17
152.238693,2013-09-18
151.983521,2013-09-19
150.920944,2013-09-20
150.222595,2013-09-23
149.868958,2013-09-24
149.435837,2013-09-25
150.010437,2013-09-26
149.320862,2013-09-27
148.525238,2013-09-30
149.700989,2013-10-01
149.559555,2013-10-02
148.180496,2013-10-03
149.303223,2013-10-04
148.012543,2013-10-07
146.288681,2013-10-08
146.39476,2013-10-09
149.55072,2013-10-10
150.514343,2013-10-11
151.115448,2013-10-14
150.019272,2013-10-15
152.114441,2013-10-16
153.131042,2013-10-17
154.165375,2013-10-18
154.174179,2013-10-21
155.067078,2013-10-22
154.324493,2013-10-23
154.837219,2013-10-24
155.544434,2013-10-25
155.791946,2013-10-28
156.622971,2013-10-29
155.845032,2013-10-30
155.402969,2013-10-31
155.774292,2013-11-01
156.322403,2013-11-04
155.827316,2013-11-05
156.622971,2013-11-06
154.642685,2013-11-07
156.729004,2013-11-08
156.755539,2013-11-11
156.437332,2013-11-12
157.692612,2013-11-13
158.479446,2013-11-14
159.16893,2013-11-15
158.612,2013-11-18
158.267212,2013-11-19
157.772156,2013-11-20
159.045181,2013-11-21
159.840805,2013-11-22
159.681702,2013-11-25
159.725861,2013-11-26
160.114822,2013-11-27
160.008759,2013-11-29
159.593292,2013-12-02
158.903717,2013-12-03
158.886078,2013-12-04
158.187653,2013-12-05
159.955704,2013-12-06
160.36235,2013-12-09
159.787766,2013-12-10
157.993195,2013-12-11
157.471603,2013-12-12
157.453949,2013-12-13
158.435181,2013-12-16
157.93129,2013-12-17
160.627594,2013-12-18
160.441956,2013-12-19
161.375153,2013-12-20
162.237381,2013-12-23
162.59288,2013-12-24
163.419525,2013-12-26
163.410614,2013-12-27
163.383972,2013-12-30
164.157211,2013-12-31
162.584,2014-01-02
162.557312,2014-01-03
162.086243,2014-01-06
163.081772,2014-01-07
163.117279,2014-01-08
163.223953,2014-01-09
163.668381,2014-01-10
161.490799,2014-01-13
163.250656,2014-01-14
164.130554,2014-01-15
163.917252,2014-01-16
163.223953,2014-01-17
163.703918,2014-01-21
163.810654,2014-01-22
162.468491,2014-01-23
159.002014,2014-01-24
158.219879,2014-01-27
159.162064,2014-01-28
157.63324,2014-01-29
159.30423,2014-01-30
158.370972,2014-01-31
154.806808,2014-02-03
155.891144,2014-02-04
155.695633,2014-02-05
157.748795,2014-02-06
159.704224,2014-02-07
159.997528,2014-02-10
161.74852,2014-02-11
161.828552,2014-02-12
162.664001,2014-02-13
163.561737,2014-02-14
163.757248,2014-02-18
162.672913,2014-02-19
163.632828,2014-02-20
163.446167,2014-02-21
164.352798,2014-02-24
164.290558,2014-02-25
164.299438,2014-02-26
165.161652,2014-02-27
165.579346,2014-02-28
164.414978,2014-03-03
166.725952,2014-03-04
166.87706,2014-03-05
167.259216,2014-03-06
167.330338,2014-03-07
167.241455,2014-03-10
166.414841,2014-03-11
166.45932,2014-03-12
164.592743,2014-03-13
164.130554,2014-03-14
165.614883,2014-03-17
166.797073,2014-03-18
165.908203,2014-03-19
166.87706,2014-03-20
166.229797,2014-03-21
165.542374,2014-03-24
166.327972,2014-03-25
165.131683,2014-03-26
164.783585,2014-03-27
165.595947,2014-03-28
166.952911,2014-03-31
168.059937,2014-04-01
168.62236,2014-04-02
168.399155,2014-04-03
166.408356,2014-04-04
164.56929,2014-04-07
165.247787,2014-04-08
167.024338,2014-04-09
163.515823,2014-04-10
162.042831,2014-04-11
163.319412,2014-04-14
164.44429,2014-04-15
166.167328,2014-04-16
166.399429,2014-04-17
166.979721,2014-04-21
167.738541,2014-04-22
167.345673,2014-04-23
167.684952,2014-04-24
166.310135,2014-04-25
166.836853,2014-04-28
167.613541,2014-04-29
168.11351,2014-04-30
168.131332,2014-05-01
167.890289,2014-05-02
168.211685,2014-05-05
166.747589,2014-05-06
167.729599,2014-05-07
167.551041,2014-05-08
167.80101,2014-05-09
169.434769,2014-05-12
169.586548,2014-05-13
168.783035,2014-05-14
167.301102,2014-05-15
167.881393,2014-05-16
168.497391,2014-05-19
167.434998,2014-05-20
168.845581,2014-05-21
169.25621,2014-05-22
169.934692,2014-05-23
170.979218,2014-05-27
170.854233,2014-05-28
171.738037,2014-05-29
172.014771,2014-05-30
172.211227,2014-06-02
172.121933,2014-06-03
172.470123,2014-06-04
173.59494,2014-06-05
174.425247,2014-06-06
174.603775,2014-06-09
174.621628,2014-06-10
174.014572,2014-06-11
172.782593,2014-06-12
173.309326,2014-06-13
173.452148,2014-06-16
173.934204,2014-06-17
175.210831,2014-06-18
175.407257,2014-06-19
175.763367,2014-06-20
175.709534,2014-06-23
174.651077,2014-06-24
175.440445,2014-06-25
175.31485,2014-06-26
175.655685,2014-06-27
175.56604,2014-06-30
176.741119,2014-07-01
176.920502,2014-07-02
177.790634,2014-07-03
177.171707,2014-07-07
176.032455,2014-07-08
176.821854,2014-07-09
176.122177,2014-07-10
176.364365,2014-07-11
177.252426,2014-07-14
176.920502,2014-07-15
177.575378,2014-07-16
175.557068,2014-07-17
177.351089,2014-07-18
177.019211,2014-07-21
177.790634,2014-07-22
178.185349,2014-07-23
178.194305,2014-07-24
177.360077,2014-07-25
177.431824,2014-07-28
176.669357,2014-07-29
176.696274,2014-07-30
173.206863,2014-07-31
172.677597,2014-08-01
173.924438,2014-08-04
172.238037,2014-08-05
172.291901,2014-08-06
171.358994,2014-08-07
173.3414,2014-08-08
173.843704,2014-08-11
173.601517,2014-08-12
174.776627,2014-08-13
175.601868,2014-08-14
175.56604,2014-08-15
177.037155,2014-08-18
177.961105,2014-08-19
178.436493,2014-08-20
178.956802,2014-08-21
178.678726,2014-08-22
179.584702,2014-08-25
179.701324,2014-08-26
179.629532,2014-08-27
179.530869,2014-08-28
180.042191,2014-08-29
179.952484,2014-09-02
179.853821,2014-09-03
179.593674,2014-09-04
180.401001,2014-09-05
179.934555,2014-09-08
178.795364,2014-09-09
179.46814,2014-09-10
179.674408,2014-09-11
178.624878,2014-09-12
178.490341,2014-09-15
179.835876,2014-09-16
180.078033,2014-09-17
181.037888,2014-09-18
180.874756,2014-09-19
179.477844,2014-09-22
178.45047,2014-09-23
179.847382,2014-09-24
176.945435,2014-09-25
178.351349,2014-09-26
178.026901,2014-09-29
177.558289,2014-09-30
175.152008,2014-10-01
175.179077,2014-10-02
177.107666,2014-10-03
176.900391,2014-10-06
174.169708,2014-10-07
177.215805,2014-10-08
173.701065,2014-10-09
171.718399,2014-10-10
168.897568,2014-10-13
169.158936,2014-10-14
168.014343,2014-10-15
167.870132,2014-10-16
169.852844,2014-10-17
171.502106,2014-10-20
174.899719,2014-10-21
173.656006,2014-10-22
175.674728,2014-10-23
177.02652,2014-10-24
176.783264,2014-10-27
178.810928,2014-10-28
178.540588,2014-10-29
179.68515,2014-10-30
181.739944,2014-10-31
181.839066,2014-11-03
181.208206,2014-11-04
182.352753,2014-11-05
183.082718,2014-11-06
183.253967,2014-11-07
183.83078,2014-11-10
184.011032,2014-11-11
183.812775,2014-11-12
184.02005,2014-11-13
184.065094,2014-11-14
184.182251,2014-11-17
185.245697,2014-11-18
184.948318,2014-11-19
185.27272,2014-11-20
186.264008,2014-11-21
186.786758,2014-11-24
186.651596,2014-11-25
187.129242,2014-11-26
186.732681,2014-11-28
185.434906,2014-12-01
186.633545,2014-12-02
187.354523,2014-12-03
187.147278,2014-12-04
187.453629,2014-12-05
186.200989,2014-12-08
186.074768,2014-12-09
183.091751,2014-12-10
184.02005,2014-12-11
181.04599,2014-12-12
179.802261,2014-12-15
178.360336,2014-12-16
181.857071,2014-12-17
186.354187,2014-12-18
187.147125,2014-12-19
188.007996,2014-12-22
188.261719,2014-12-23
188.279846,2014-12-24
188.886978,2014-12-26
189.140732,2014-12-29
188.125809,2014-12-30
186.259033,2014-12-31
186.159332,2015-01-02
182.797379,2015-01-05
181.075607,2015-01-06
183.332016,2015-01-07
186.585236,2015-01-08
185.090027,2015-01-09
183.640121,2015-01-12
183.123596,2015-01-13
182.018036,2015-01-14
180.350677,2015-01-15
182.71582,2015-01-16
183.105469,2015-01-20
184.0298,2015-01-21
186.766479,2015-01-22
185.742508,2015-01-23
186.177475,2015-01-26
183.72168,2015-01-27
181.365585,2015-01-28
183.042038,2015-01-29
180.740311,2015-01-30
182.978622,2015-02-02
185.62468,2015-02-03
184.917847,2015-02-04
186.784622,2015-02-05
186.268112,2015-02-06
185.434402,2015-02-09
187.409882,2015-02-10
187.518646,2015-02-11
189.32193,2015-02-12
190.101303,2015-02-13
190.400314,2015-02-17
190.418427,2015-02-18
190.282516,2015-02-19
191.424316,2015-02-20
191.397171,2015-02-23
191.940842,2015-02-24
191.77774,2015-02-25
191.551178,2015-02-26
190.898758,2015-02-27
192.104004,2015-03-02
191.315567,2015-03-03
190.509064,2015-03-04
190.717499,2015-03-05
188.035172,2015-03-06
188.814453,2015-03-09
185.751587,2015-03-10
185.316605,2015-03-11
187.672699,2015-03-12
186.521805,2015-03-13
189.013855,2015-03-16
188.451996,2015-03-17
190.717499,2015-03-18
189.847534,2015-03-19
191.523331,2015-03-20
191.150131,2015-03-23
190.076035,2015-03-24
187.29071,2015-03-25
186.844666,2015-03-26
187.272491,2015-03-27
189.55722,2015-03-30
187.900558,2015-03-31
187.236115,2015-04-01
187.909668,2015-04-02
189.174911,2015-04-06
188.674225,2015-04-07
189.311417,2015-04-08
190.148849,2015-04-09
191.186493,2015-04-10
190.321793,2015-04-13
190.685867,2015-04-14
191.541504,2015-04-15
191.486893,2015-04-16
189.284119,2015-04-17
191.01358,2015-04-20
190.786011,2015-04-21
191.723602,2015-04-22
192.205994,2015-04-23
192.652054,2015-04-24
191.850983,2015-04-27
192.460846,2015-04-28
191.668961,2015-04-29
189.748367,2015-04-30
191.805481,2015-05-01
192.351608,2015-05-04
190.148849,2015-05-05
189.366043,2015-05-06
190.121567,2015-05-07
192.624695,2015-05-08
191.705353,2015-05-11
191.131897,2015-05-12
191.168304,2015-05-13
193.161758,2015-05-14
193.371109,2015-05-15
193.971832,2015-05-18
193.908157,2015-05-19
193.771576,2015-05-20
194.335968,2015-05-21
193.871704,2015-05-22
191.787277,2015-05-26
193.607758,2015-05-27
193.389313,2015-05-28
192.187805,2015-05-29
192.579178,2015-06-01
192.388,2015-06-02
192.897751,2015-06-03
191.268433,2015-06-04
190.940765,2015-06-05
189.766556,2015-06-08
189.739258,2015-06-09
192.014816,2015-06-10
192.63382,2015-06-11
191.15921,2015-06-12
190.339996,2015-06-15
191.37767,2015-06-16
191.687149,2015-06-17
193.680573,2015-06-18
192.82077,2015-06-19
193.808624,2015-06-22
193.945847,2015-06-23
192.537247,2015-06-24
191.951874,2015-06-25
191.915253,2015-06-26
187.890778,2015-06-29
188.284027,2015-06-30
189.793259,2015-07-01
189.619461,2015-07-02
189.079834,2015-07-06
190.26889,2015-07-07
187.076691,2015-07-08
187.415115,2015-07-09
189.774963,2015-07-10
191.869537,2015-07-13
192.701889,2015-07-14
192.637848,2015-07-15
194.183655,2015-07-16
194.348297,2015-07-17
194.448883,2015-07-20
193.680573,2015-07-21
193.332993,2015-07-22
192.244553,2015-07-23
190.250595,2015-07-24
189.143814,2015-07-27
191.467117,2015-07-28
192.784195,2015-07-29
192.829926,2015-07-30
192.537247,2015-07-31
191.887817,2015-08-03
191.512833,2015-08-04
192.143936,2015-08-05
190.570724,2015-08-06
190.204834,2015-08-07
192.601273,2015-08-10
190.863388,2015-08-11
191.092026,2015-08-12
190.854263,2015-08-13
191.549408,2015-08-14
192.619553,2015-08-17
192.0616,2015-08-18
190.543274,2015-08-19
186.564468,2015-08-20
180.948425,2015-08-21
173.329254,2015-08-24
171.289536,2015-08-25
177.866013,2015-08-26
182.265549,2015-08-27
182.274689,2015-08-28
180.802063,2015-08-31
175.405548,2015-09-01
178.734955,2015-09-02
178.862991,2015-09-03
176.155579,2015-09-04
180.582535,2015-09-08
178.167847,2015-09-09
179.13739,2015-09-10
179.951431,2015-09-11
179.283691,2015-09-14
181.524658,2015-09-15
183.097839,2015-09-16
182.686234,2015-09-17
179.700897,2015-09-18
180.629547,2015-09-21
178.285049,2015-09-22
178,2015-09-23
177.3564,2015-09-24
177.31041,2015-09-25
172.860428,2015-09-28
172.961563,2015-09-29
176.188705,2015-09-30
176.648453,2015-10-01
179.287155,2015-10-02
182.477585,2015-10-05
181.852356,2015-10-06
183.341827,2015-10-07
184.996796,2015-10-08
185.107101,2015-10-09
185.281799,2015-10-12
184.11412,2015-10-13
183.231491,2015-10-14
186.044891,2015-10-15
186.890793,2015-10-16
186.982697,2015-10-19
186.743668,2015-10-20
185.585251,2015-10-21
188.720474,2015-10-22
190.789093,2015-10-23
190.320236,2015-10-26
189.952454,2015-10-27
192.113113,2015-10-28
192.002777,2015-10-29
191.175308,2015-10-30
193.437103,2015-11-02
193.99791,2015-11-03
193.4095,2015-11-04
193.216385,2015-11-05
193.11525,2015-11-06
191.313248,2015-11-09
191.754562,2015-11-10
191.000626,2015-11-11
188.334274,2015-11-12
186.219604,2015-11-13
189.051437,2015-11-16
188.913528,2015-11-17
191.910828,2015-11-18
191.745361,2015-11-19
192.444077,2015-11-20
192.223404,2015-11-23
192.480881,2015-11-24
192.453278,2015-11-25
192.673965,2015-11-27
191.874023,2015-11-30
193.703705,2015-12-01
191.726959,2015-12-02
189.042236,2015-12-03
192.729111,2015-12-04
191.561462,2015-12-07
190.274261,2015-12-08
188.793961,2015-12-09
189.281311,2015-12-10
185.612808,2015-12-11
186.550613,2015-12-14
188.509003,2015-12-15
191.267227,2015-12-16
188.352692,2015-12-17
184.997162,2015-12-18
186.523209,2015-12-21
188.215805,2015-12-22
190.546555,2015-12-23
190.23204,2015-12-24
189.797363,2015-12-28
191.822876,2015-12-29
190.463272,2015-12-30
188.558014,2015-12-31
185.922073,2016-01-04
186.236526,2016-01-05
183.887283,2016-01-06
179.475525,2016-01-07
177.505524,2016-01-08
177.681229,2016-01-11
179.114853,2016-01-12
174.647629,2016-01-13
177.51474,2016-01-14
173.704208,2016-01-15
173.93544,2016-01-19
171.706436,2016-01-20
172.66835,2016-01-21
176.210678,2016-01-22
173.546982,2016-01-25
175.914688,2016-01-26
174.000183,2016-01-27
174.906586,2016-01-28
179.170334,2016-01-29
179.10556,2016-02-01
175.877701,2016-02-02
176.932098,2016-02-03
177.209549,2016-02-04
173.833679,2016-02-05
171.493713,2016-02-08
171.502991,2016-02-09
171.354965,2016-02-10
169.125977,2016-02-11
172.612854,2016-02-12
175.52623,2016-02-16
178.393417,2016-02-17
177.66272,2016-02-18
177.579498,2016-02-19
180.150757,2016-02-22
177.875458,2016-02-23
178.689362,2016-02-24
180.853622,2016-02-25
180.437439,2016-02-26
179.022339,2016-02-29
183.230606,2016-03-01
184.053787,2016-03-02
184.775177,2016-03-03
185.376343,2016-03-04
185.524338,2016-03-07
183.498825,2016-03-08
184.405243,2016-03-09
184.553207,2016-03-10
187.531372,2016-03-11
187.290863,2016-03-14
186.985672,2016-03-15
188.067825,2016-03-16
189.26091,2016-03-17
190.004639,2016-03-18
190.274246,2016-03-21
190.171982,2016-03-22
188.916962,2016-03-23
188.833267,2016-03-24
188.944839,2016-03-28
190.692596,2016-03-29
191.529282,2016-03-30
191.064484,2016-03-31
192.365997,2016-04-01
191.743088,2016-04-04
189.828033,2016-04-05
191.901138,2016-04-06
189.604889,2016-04-07
190.116226,2016-04-08
189.669983,2016-04-11
191.43634,2016-04-12
193.370041,2016-04-13
193.379303,2016-04-14
193.165497,2016-04-15
194.522812,2016-04-18
195.136368,2016-04-19
195.322342,2016-04-20
194.271805,2016-04-21
194.271805,2016-04-22
193.937149,2016-04-25
194.225296,2016-04-26
194.625061,2016-04-27
192.858704,2016-04-28
191.81749,2016-04-29
193.342148,2016-05-02
191.659439,2016-05-03
190.590332,2016-05-04
190.553162,2016-05-05
191.250397,2016-05-06
191.408432,2016-05-09
193.788391,2016-05-10
191.975525,2016-05-11
192.031296,2016-05-12
190.357895,2016-05-13
192.23584,2016-05-16
190.441589,2016-05-17
190.497375,2016-05-18
189.837311,2016-05-19
191.036575,2016-05-20
190.776276,2016-05-23
193.249146,2016-05-24
194.559998,2016-05-25
194.615738,2016-05-26
195.452469,2016-05-27
195.080612,2016-05-31
195.480392,2016-06-01
196.075363,2016-06-02
195.489655,2016-06-03
196.48439,2016-06-06
196.791183,2016-06-07
197.432678,2016-06-08
197.163071,2016-06-09
195.294418,2016-06-10
193.788391,2016-06-13
193.407196,2016-06-14
193.137634,2016-06-15
193.714005,2016-06-16
192.992584,2016-06-17
194.235458,2016-06-20
194.786835,2016-06-21
194.469101,2016-06-22
197.001572,2016-06-23
189.927414,2016-06-24
186.525864,2016-06-27
189.890076,2016-06-28
193.123413,2016-06-29
195.758652,2016-06-30
196.169876,2016-07-01
194.758759,2016-07-05
195.926895,2016-07-06
195.80542,2016-07-07
198.721024,2016-07-08
199.421936,2016-07-11
200.870407,2016-07-12
200.842377,2016-07-13
201.963745,2016-07-14
201.692749,2016-07-15
202.234756,2016-07-18
202.029144,2016-07-19
202.870193,2016-07-20
202.103928,2016-07-21
203.010406,2016-07-22
202.459045,2016-07-25
202.55249,2016-07-26
202.337555,2016-07-27
202.571198,2016-07-28
202.898254,2016-07-29
202.730072,2016-08-01
201.431091,2016-08-02
202.019791,2016-08-03
202.234756,2016-08-04
203.888809,2016-08-05
203.767288,2016-08-08
203.888809,2016-08-09
203.384186,2016-08-10
204.328033,2016-08-11
204.150482,2016-08-12
204.739212,2016-08-15
203.683243,2016-08-16
204.066391,2016-08-17
204.524277,2016-08-18
204.22522,2016-08-19
204.215897,2016-08-22
204.62706,2016-08-23
203.580444,2016-08-24
203.440247,2016-08-25
203.057098,2016-08-26
204.057037,2016-08-29
203.720612,2016-08-30
203.14119,2016-08-31
203.150574,2016-09-01
204.066391,2016-09-02
204.683151,2016-09-06
204.664429,2016-09-07
204.19722,2016-09-08
199.309784,2016-09-09
202.169342,2016-09-12
199.263062,2016-09-13
199.188263,2016-09-14
201.178772,2016-09-15
200.401108,2016-09-16
200.438675,2016-09-19
200.448059,2016-09-20
202.702194,2016-09-21
203.979507,2016-09-22
202.861847,2016-09-23
201.218262,2016-09-26
202.467392,2016-09-27
203.472351,2016-09-28
201.631454,2016-09-29
203.152985,2016-09-30
202.664627,2016-10-03
201.631454,2016-10-04
202.523743,2016-10-05
202.664627,2016-10-06
201.969635,2016-10-07
203.02153,2016-10-10
200.457428,2016-10-11
200.720444,2016-10-12
200.063004,2016-10-13
200.166306,2016-10-14
199.471298,2016-10-17
200.720444,2016-10-18
201.255768,2016-10-19
200.880112,2016-10-20
200.973999,2016-10-21
201.828735,2016-10-24
201.152466,2016-10-25
200.748627,2016-10-26
200.213257,2016-10-27
199.621552,2016-10-28
199.630951,2016-10-31
198.18454,2016-11-01
196.991745,2016-11-02
196.090088,2016-11-03
195.8741,2016-11-04
200.194427,2016-11-07
201.0961,2016-11-08
203.228149,2016-11-09
203.735336,2016-11-10
203.265717,2016-11-11
203.425369,2016-11-14
205.01268,2016-11-15
204.627563,2016-11-16
205.679504,2016-11-17
205.219254,2016-11-18
206.768997,2016-11-21
207.172882,2016-11-22
207.285583,2016-11-23
208.05574,2016-11-25
207.078934,2016-11-28
207.482819,2016-11-29
206.985031,2016-11-30
206.224258,2016-12-01
206.32756,2016-12-02
207.567337,2016-12-05
208.224792,2016-12-06
210.948532,2016-12-07
211.465073,2016-12-08
212.742432,2016-12-09
212.49823,2016-12-12
213.916443,2016-12-13
212.150742,2016-12-14
213.0242,2016-12-15
212.607574,2016-12-16
213.070496,2016-12-19
213.89241,2016-12-20
213.297241,2016-12-21
212.928787,2016-12-22
213.240585,2016-12-23
213.769608,2016-12-27
212.002914,2016-12-28
211.955688,2016-12-29
211.181,2016-12-30
212.796539,2017-01-03
214.0625,2017-01-04
213.89241,2017-01-05
214.657684,2017-01-06
213.949142,2017-01-09
213.949142,2017-01-10
214.553757,2017-01-11
214.015259,2017-01-12
214.506531,2017-01-13
213.750732,2017-01-17
214.223099,2017-01-18
213.429504,2017-01-19
214.213654,2017-01-20
213.656219,2017-01-23
215.026138,2017-01-24
216.887314,2017-01-25
216.660568,2017-01-26
216.320465,2017-01-27
214.978897,2017-01-30
214.960022,2017-01-31
215.045044,2017-02-01
215.186752,2017-02-02
216.670013,2017-02-03
216.282684,2017-02-06
216.292145,2017-02-07
216.575546,2017-02-08
217.860382,2017-02-09
218.720123,2017-02-10
219.910522,2017-02-13
220.789154,2017-02-14
221.941727,2017-02-15
221.752823,2017-02-16
222.102325,2017-02-17
223.424988,2017-02-21
223.226578,2017-02-22
223.377762,2017-02-23
223.661209,2017-02-24
224.010757,2017-02-27
223.406097,2017-02-28
226.533249,2017-03-01
225.106689,2017-03-02
225.248367,2017-03-03
224.577637,2017-03-06
223.906815,2017-03-07
223.49115,2017-03-08
223.774582,2017-03-09
224.558701,2017-03-10
224.672104,2017-03-13
223.812347,2017-03-14
225.7491,2017-03-15
225.305069,2017-03-16
224.909409,2017-03-17
224.662704,2017-03-20
221.778107,2017-03-21
222.300003,2017-03-22
222.062805,2017-03-23
221.901489,2017-03-24
221.673767,2017-03-27
223.286835,2017-03-28
223.495605,2017-03-29
224.207199,2017-03-30
223.685364,2017-03-31
223.296341,2017-04-03
223.438644,2017-04-04
222.774445,2017-04-05
223.400711,2017-04-06
223.172974,2017-04-07
223.305832,2017-04-10
223.0401,2017-04-11
222.062805,2017-04-12
220.620514,2017-04-13
222.575211,2017-04-17
221.91098,2017-04-18
221.502991,2017-04-19
223.305832,2017-04-20
222.594162,2017-04-21
225.042236,2017-04-24
226.351669,2017-04-25
226.209351,2017-04-26
226.399094,2017-04-27
225.905701,2017-04-28
226.475006,2017-05-01
226.56044,2017-05-02
226.285217,2017-05-03
226.550919,2017-05-04
227.442886,2017-05-05
227.404907,2017-05-08
227.196182,2017-05-09
227.604156,2017-05-10
227.139236,2017-05-11
226.759689,2017-05-12
228.012161,2017-05-15
227.803436,2017-05-16
223.761261,2017-05-17
224.662704,2017-05-18
226.123962,2017-05-19
227.272049,2017-05-22
227.774994,2017-05-23
228.306335,2017-05-24
229.397522,2017-05-25
229.350082,2017-05-26
229.150818,2017-05-30
229.093887,2017-05-31
230.915695,2017-06-01
231.68428,2017-06-02
231.513489,2017-06-05
230.773361,2017-06-06
231.200378,2017-06-07
231.314209,2017-06-08
230.96312,2017-06-09
230.915695,2017-06-12
232.044861,2017-06-13
231.750687,2017-06-14
231.304733,2017-06-15
231.35527,2017-06-16
233.281357,2017-06-19
231.708069,2017-06-20
231.650833,2017-06-21
231.545975,2017-06-22
231.82251,2017-06-23
231.975052,2017-06-26
230.106216,2017-06-27
232.165756,2017-06-28
230.125305,2017-06-29
230.554352,2017-06-30
230.945267,2017-07-03
231.479248,2017-07-05
229.362457,2017-07-06
230.84993,2017-07-07
231.097809,2017-07-10
230.926193,2017-07-11
232.661575,2017-07-12
233.05249,2017-07-13
234.13945,2017-07-14
234.110886,2017-07-17
234.234818,2017-07-18
235.502975,2017-07-19
235.607849,2017-07-20
235.398102,2017-07-21
235.340897,2017-07-24
235.912979,2017-07-25
235.922516,2017-07-26
235.703201,2017-07-27
235.426682,2017-07-28
235.293213,2017-07-31
235.817612,2017-08-01
235.932068,2017-08-02
235.474365,2017-08-03
235.903427,2017-08-04
236.34201,2017-08-07
235.760406,2017-08-08
235.750885,2017-08-09
232.423172,2017-08-10
232.766464,2017-08-11
235.073883,2017-08-14
235.045303,2017-08-15
235.455292,2017-08-16
231.784363,2017-08-17
231.422028,2017-08-18
231.603165,2017-08-21
234.025085,2017-08-22
233.185989,2017-08-23
232.642502,2017-08-24
233.185989,2017-08-25
233.195541,2017-08-28
233.462494,2017-08-29
234.568542,2017-08-30
235.979721,2017-08-31
236.313446,2017-09-01
234.616226,2017-09-05
235.417114,2017-09-06
235.388565,2017-09-07
235.112045,2017-09-08
237.619705,2017-09-11
238.420654,2017-09-12
238.53508,2017-09-13
238.458771,2017-09-14
238.779816,2017-09-15
239.287674,2017-09-18
239.527222,2017-09-19
239.613449,2017-09-20
238.971451,2017-09-21
239.019363,2017-09-22
238.530655,2017-09-25
238.674408,2017-09-26
239.603867,2017-09-27
239.891357,2017-09-28
240.734558,2017-09-29
241.779053,2017-10-02
242.296494,2017-10-03
242.583954,2017-10-04
244.021301,2017-10-05
243.743393,2017-10-06
243.340942,2017-10-09
243.982956,2017-10-10
244.366257,2017-10-11
244.002106,2017-10-12
244.299194,2017-10-13
244.624954,2017-10-16
244.797455,2017-10-17
245.037018,2017-10-18
245.10408,2017-10-19
246.368927,2017-10-20
245.41069,2017-10-23
245.841904,2017-10-24
244.624954,2017-10-25
244.941177,2017-10-26
246.943863,2017-10-27
246.024002,2017-10-30
246.407227,2017-10-31
246.733032,2017-11-01
246.828888,2017-11-02
247.652969,2017-11-03
248.036255,2017-11-06
247.86377,2017-11-07
248.285339,2017-11-08
247.384644,2017-11-09
247.307968,2017-11-10
247.537979,2017-11-13
246.963043,2017-11-14
245.726944,2017-11-15
247.815857,2017-11-16
247.08757,2017-11-17
247.509201,2017-11-20
249.128601,2017-11-21
248.908264,2017-11-22
249.483154,2017-11-24
249.358597,2017-11-27
251.88829,2017-11-28
251.734985,2017-11-29
253.938919,2017-11-30
253.411896,2017-12-01
253.10527,2017-12-04
252.194931,2017-12-05
252.242859,2017-12-06
253.038208,2017-12-07
254.418015,2017-12-08
255.184616,2017-12-11
255.634949,2017-12-12
255.606216,2017-12-13
254.561737,2017-12-14
256.68161,2017-12-15
258.309296,2017-12-18
257.317261,2017-12-19
257.182465,2017-12-20
257.712128,2017-12-21
257.644745,2017-12-22
257.336517,2017-12-26
257.461761,2017-12-27
257.991425,2017-12-28
257.018707,2017-12-29
258.858276,2018-01-02
260.495544,2018-01-03
261.593475,2018-01-04
263.336731,2018-01-05
263.818329,2018-01-08
264.415405,2018-01-09
264.010986,2018-01-10
265.937164,2018-01-11
267.670837,2018-01-12
266.755829,2018-01-16
269.298462,2018-01-17
268.845825,2018-01-18
270.06897,2018-01-19
272.264893,2018-01-22
272.842773,2018-01-23
272.736847,2018-01-24
272.852356,2018-01-25
276.011414,2018-01-26
274.181458,2018-01-29
271.369202,2018-01-30
271.504028,2018-01-31
271.195801,2018-02-01
265.291901,2018-02-02
254.196716,2018-02-05
259.204987,2018-02-06
257.798828,2018-02-07
248.129074,2018-02-08
251.856323,2018-02-09
255.554749,2018-02-12
256.190399,2018-02-13
259.648041,2018-02-14
262.961121,2018-02-15
263.038147,2018-02-16
261.391205,2018-02-20
260.091034,2018-02-21
260.428162,2018-02-22
264.579163,2018-02-23
267.65155,2018-02-26
264.309509,2018-02-27
261.63205,2018-02-28
257.827667,2018-03-01
259.156799,2018-03-02
262.15213,2018-03-05
262.816681,2018-03-06
262.720398,2018-03-07
263.991669,2018-03-08
268.585785,2018-03-09
268.248688,2018-03-12
266.515076,2018-03-13
265.1474,2018-03-14
264.858459,2018-03-15
265.145721,2018-03-16
261.558167,2018-03-19
262.003021,2018-03-20
261.500183,2018-03-21
254.963379,2018-03-22
249.528961,2018-03-23
256.355865,2018-03-26
251.994781,2018-03-27
251.250153,2018-03-28
254.460587,2018-03-29
248.968109,2018-04-02
252.15918,2018-04-03
254.85704,2018-04-04
256.868347,2018-04-05
251.143799,2018-04-06
252.381546,2018-04-09
256.394562,2018-04-10
255.050446,2018-04-11
257.148773,2018-04-12
256.394562,2018-04-13
258.502502,2018-04-16
261.268097,2018-04-17
261.461487,2018-04-18
260.011078,2018-04-19
257.806305,2018-04-20
257.767639,2018-04-23
254.296219,2018-04-24
254.924698,2018-04-25
257.516235,2018-04-26
257.757965,2018-04-27
255.775681,2018-04-30
256.230164,2018-05-01
254.508942,2018-05-02
253.948044,2018-05-03
257.235809,2018-05-04
258.10611,2018-05-07
258.10611,2018-05-08
260.600891,2018-05-09
263.037628,2018-05-10
263.84021,2018-05-11
263.965973,2018-05-14
262.148041,2018-05-15
263.250366,2018-05-16
263.028015,2018-05-17
262.370483,2018-05-18
264.343079,2018-05-21
263.608154,2018-05-22
264.333405,2018-05-23
263.791931,2018-05-24
263.163391,2018-05-25
260.136688,2018-05-29
263.608154,2018-05-30
261.993317,2018-05-31
264.565521,2018-06-01
265.822601,2018-06-04
266.015961,2018-06-05
268.240021,2018-06-06
268.210999,2018-06-07
269.003937,2018-06-08
269.361755,2018-06-11
269.709839,2018-06-12
268.849182,2018-06-13
269.526123,2018-06-14
269.182251,2018-06-15
268.628632,2018-06-18
267.598999,2018-06-19
268.055511,2018-06-20
266.375122,2018-06-21
266.860779,2018-06-22
263.228058,2018-06-25
263.810883,2018-06-26
261.625366,2018-06-27
263.121185,2018-06-28
263.500031,2018-06-29
264.063416,2018-07-02
263.13092,2018-07-03
265.277527,2018-07-05
267.521301,2018-07-06
269.930176,2018-07-09
270.901459,2018-07-10
268.920013,2018-07-11
271.358002,2018-07-12
271.571716,2018-07-13
271.328888,2018-07-16
272.426483,2018-07-17
272.999573,2018-07-18
271.96994,2018-07-19
271.659119,2018-07-20
272.164185,2018-07-23
273.533752,2018-07-24
275.864929,2018-07-25
275.214172,2018-07-26
273.349243,2018-07-27
271.921417,2018-07-30
273.261749,2018-07-31
272.805267,2018-08-01
274.291412,2018-08-02
275.466705,2018-08-03
276.476868,2018-08-06
277.389893,2018-08-07
277.273346,2018-08-08
276.894562,2018-08-09
275.039337,2018-08-10
274.009735,2018-08-13
275.758087,2018-08-14
273.698914,2018-08-15
275.913544,2018-08-16
276.884857,2018-08-17
277.477356,2018-08-20
278.128113,2018-08-21
277.962982,2018-08-22
277.593933,2018-08-23
279.264557,2018-08-24
281.469482,2018-08-27
281.605438,2018-08-28
283.120697,2018-08-29
281.974548,2018-08-30
281.984253,2018-08-31
281.498596,2018-09-04
280.740967,2018-09-05
279.895935,2018-09-06
279.35199,2018-09-07
279.837646,2018-09-10
280.760345,2018-09-11
280.8284,2018-09-12
282.489349,2018-09-13
282.537903,2018-09-14
281.042053,2018-09-17
282.567078,2018-09-18
282.868195,2018-09-19
285.160492,2018-09-20
284.899933,2018-09-21
283.953522,2018-09-24
283.690033,2018-09-25
282.841217,2018-09-26
283.631531,2018-09-27
283.660828,2018-09-28
284.646301,2018-10-01
284.480408,2018-10-02
284.636536,2018-10-03
282.411896,2018-10-04
280.831207,2018-10-05
280.831207,2018-10-08
280.421417,2018-10-09
271.542389,2018-10-10
265.561279,2018-10-11
269.249481,2018-10-12
267.737091,2018-10-15
273.59137,2018-10-16
273.640198,2018-10-17
269.688507,2018-10-18
269.542175,2018-10-19
268.332275,2018-10-22
266.966278,2018-10-23
258.877594,2018-10-24
263.521942,2018-10-25
258.887299,2018-10-26
257.452972,2018-10-29
261.268066,2018-10-30
264.058624,2018-10-31
266.868683,2018-11-01
265.288025,2018-11-02
266.751617,2018-11-05
268.439606,2018-11-06
274.186584,2018-11-07
273.688934,2018-11-08
271.015503,2018-11-09
265.951538,2018-11-12
265.453888,2018-11-13
263.639099,2018-11-14
266.390594,2018-11-15
267.083374,2018-11-16
262.565765,2018-11-19
257.706665,2018-11-20
258.584839,2018-11-21
256.857849,2018-11-23
261.004608,2018-11-26
261.882751,2018-11-27
267.912689,2018-11-28
267.327271,2018-11-29
268.956757,2018-11-30
272.518066,2018-12-03
263.687866,2018-12-04
263.287811,2018-12-06
257.170105,2018-12-07
257.657928,2018-12-10
257.716461,2018-12-11
259.01416,2018-12-12
258.926331,2018-12-13
254.145355,2018-12-14
249.159409,2018-12-17
248.886215,2018-12-18
245.158951,2018-12-19
241.168274,2018-12-20
236.226837,2018-12-21
229.985046,2018-12-24
241.605011,2018-12-26
243.4599,2018-12-27
243.145813,2018-12-28
245.275513,2018-12-31
245.530655,2019-01-02
239.671631,2019-01-03
247.699615,2019-01-04
249.652634,2019-01-07
251.998199,2019-01-08
253.175903,2019-01-09
254.069016,2019-01-10
254.167145,2019-01-11
252.616516,2019-01-14
255.511658,2019-01-15
256.129944,2019-01-16
258.073151,2019-01-17
261.508118,2019-01-18
257.975006,2019-01-22
258.514801,2019-01-23
258.652191,2019-01-24
260.840759,2019-01-25
258.858337,2019-01-28
258.514801,2019-01-29
262.6073,2019-01-30
264.913605,2019-01-31
265.041229,2019-02-01
266.905884,2019-02-04
268.02475,2019-02-05
267.671417,2019-02-06
265.119751,2019-02-07
265.443604,2019-02-08
265.59079,2019-02-11
269.006165,2019-02-12
269.879578,2019-02-13
269.280975,2019-02-14
272.215393,2019-02-15
272.686432,2019-02-19
273.236023,2019-02-20
272.264465,2019-02-21
273.952515,2019-02-22
274.325409,2019-02-25
274.12915,2019-02-26
274.011383,2019-02-27
273.501007,2019-02-28
275.20874,2019-03-01
274.207642,2019-03-04
273.834717,2019-03-05
272.176117,2019-03-06
269.899231,2019-03-07
269.359436,2019-03-08
273.265503,2019-03-11
274.29599,2019-03-12
276.111603,2019-03-13
275.934967,2019-03-14
277.298218,2019-03-15
278.30365,2019-03-18
278.372681,2019-03-19
277.53479,2019-03-20
280.669464,2019-03-21
275.267578,2019-03-22
275.060577,2019-03-25
277.110931,2019-03-26
275.661896,2019-03-27
276.706787,2019-03-28
278.451538,2019-03-29
281.753723,2019-04-01
281.891754,2019-04-02
282.335327,2019-04-03
283.084503,2019-04-04
284.454712,2019-04-05
284.671539,2019-04-08
283.212646,2019-04-09
284.178711,2019-04-10
284.099823,2019-04-11
286.022034,2019-04-12
285.834747,2019-04-15
286.022034,2019-04-16
285.322144,2019-04-17
285.884003,2019-04-18
286.130432,2019-04-22
288.703217,2019-04-23
288.0625,2019-04-24
287.88501,2019-04-25
289.225677,2019-04-26
289.679077,2019-04-29
289.826965,2019-04-30
287.648499,2019-05-01
287.027466,2019-05-02
289.836823,2019-05-03
288.644073,2019-05-06
283.823822,2019-05-07
283.429504,2019-05-08
282.571899,2019-05-09
283.991394,2019-05-10
276.854614,2019-05-13
279.358398,2019-05-14
280.99472,2019-05-15
283.597107,2019-05-16
281.763641,2019-05-17
279.900574,2019-05-20
282.424072,2019-05-21
281.55661,2019-05-22
278.116394,2019-05-23
278.747284,2019-05-24
276.154755,2019-05-28
274.301575,2019-05-29
275.050751,2019-05-30
271.34433,2019-05-31
270.654327,2019-06-03
276.529358,2019-06-04
278.924683,2019-06-05
280.738434,2019-06-06
283.547791,2019-06-07
284.848999,2019-06-10
284.779999,2019-06-11
284.277283,2019-06-12
285.450256,2019-06-13
285.134857,2019-06-14
285.243256,2019-06-17
288.230072,2019-06-18
288.880646,2019-06-19
291.640717,2019-06-20
291.216797,2019-06-21
290.860199,2019-06-24
288.007477,2019-06-25
287.720184,2019-06-26
288.740448,2019-06-27
290.226227,2019-06-28
292.861084,2019-07-01
293.623779,2019-07-02
295.971344,2019-07-03
295.634552,2019-07-05
294.010101,2019-07-08
294.376587,2019-07-09
295.783112,2019-07-10
296.476501,2019-07-11
297.803802,2019-07-12
297.902863,2019-07-15
296.942047,2019-07-16
294.921356,2019-07-17
296.001038,2019-07-18
294.356781,2019-07-19
295.079834,2019-07-22
297.189667,2019-07-23
298.586334,2019-07-24
297.159973,2019-07-25
299.15094,2019-07-26
298.60614,2019-07-29
297.873138,2019-07-30
294.614288,2019-07-31
292.048828,2019-08-01
289.849854,2019-08-02
281.133148,2019-08-05
285.07547,2019-08-06
285.243866,2019-08-07
290.840363,2019-08-08
288.859283,2019-08-09
285.342926,2019-08-12
289.780487,2019-08-13
281.212372,2019-08-14
281.955292,2019-08-15
286.115509,2019-08-16
289.562561,2019-08-19
287.343811,2019-08-20
289.681458,2019-08-21
289.592285,2019-08-22
282.153412,2019-08-23
285.27356,2019-08-26
284.154266,2019-08-27
286.155151,2019-08-28
289.810211,2019-08-29
289.681458,2019-08-30
287.98764,2019-09-03
291.256409,2019-09-04
295.00061,2019-09-05
295.228424,2019-09-06
295.377014,2019-09-09
295.307709,2019-09-10
297.407593,2019-09-11
298.437775,2019-09-12
298.239655,2019-09-13
297.318481,2019-09-16
298.071259,2019-09-17
298.249573,2019-09-18
298.229736,2019-09-19
296.820679,2019-09-20
296.751007,2019-09-23
294.422455,2019-09-24
296.16391,2019-09-25
295.546936,2019-09-26
293.954773,2019-09-27
295.318054,2019-09-30
291.805328,2019-10-01
286.650665,2019-10-02
288.999146,2019-10-03
292.909912,2019-10-04
291.646088,2019-10-07
287.118378,2019-10-08
289.844971,2019-10-09
291.805328,2019-10-10
294.830444,2019-10-11
294.502075,2019-10-14
297.417755,2019-10-15
296.940094,2019-10-16
297.815796,2019-10-17
296.512207,2019-10-18
298.522308,2019-10-21
297.547119,2019-10-22
298.412842,2019-10-23
298.900452,2019-10-24
300.124451,2019-10-25
301.816101,2019-10-28
301.726532,2019-10-29
302.652008,2019-10-30
301.845947,2019-10-31
304.642242,2019-11-01
305.866211,2019-11-04
305.527863,2019-11-05
305.597534,2019-11-06
306.672241,2019-11-07
307.428528,2019-11-08
306.8414,2019-11-11
307.48822,2019-11-12
307.587738,2019-11-13
308.035522,2019-11-14
310.264587,2019-11-15
310.493439,2019-11-18
310.4039,2019-11-19
309.249542,2019-11-20
308.752014,2019-11-21
309.438629,2019-11-22
311.836853,2019-11-25
312.543365,2019-11-26
313.936523,2019-11-27
312.772247,2019-11-29
310.115326,2019-12-02
308.035522,2019-12-03
309.936188,2019-12-04
310.493439,2019-12-05
313.329498,2019-12-06
312.34436,2019-12-09
311.996063,2019-12-10
312.881714,2019-12-11
315.578461,2019-12-12
315.767517,2019-12-13
317.936859,2019-12-16
318.006531,2019-12-17
318.026398,2019-12-18
319.329987,2019-12-19
320.730011,2019-12-20
321.220001,2019-12-23
321.230011,2019-12-24
322.940002,2019-12-26
322.859985,2019-12-27
321.079987,2019-12-30
321.859985,2019-12-31
324.869995,2020-01-02
322.410004,2020-01-03
323.640015,2020-01-06
322.730011,2020-01-07
324.450012,2020-01-08
326.649994,2020-01-09
325.709991,2020-01-10
327.950012,2020-01-13
327.450012,2020-01-14
328.190002,2020-01-15
330.920013,2020-01-16
331.950012,2020-01-17
